timestamp,detected_sign,confidence
2026-10-02 20:39:44,What,0.34
2026-10-02 20:39:46,What,0.33
2026-10-02 20:39:48,What,0.68
2026-10-02 20:39:50,wait,0.39
2026-10-02 20:40:00,What,0.39
2026-10-02 20:40:03,What,0.27
2026-10-02 20:40:08,Again,0.29
2026-10-02 20:40:08,Next,0.27
2026-10-02 20:40:08,Again,0.25
2026-10-02 20:40:09,Next,0.32
2026-10-02 20:40:09,Again,0.49
2026-10-02 20:40:09,Next,0.41
2026-10-02 20:40:11,Again,0.26
2026-10-02 20:40:11,Next,0.44
2026-10-02 20:40:11,Again,0.41
2026-10-02 20:40:11,Next,0.47
2026-10-02 20:40:12,Again,0.42
2026-10-02 20:40:13,Good Morning,0.31
2026-10-02 20:40:14,Again,0.35
2026-10-02 20:40:14,Good Morning,0.37
2026-10-02 20:40:17,Good Morning,0.45
2026-10-02 20:40:19,Good Morning,0.60
2026-10-02 20:40:21,Again,0.53
2026-10-02 20:40:23,What,0.65
2026-10-02 20:40:23,Again,0.25
2026-10-02 20:40:24,Good Morning,0.47
2026-10-02 20:40:27,Good Morning,0.25
2026-10-02 20:40:29,Good Morning,0.31
2026-10-02 20:40:30,Understood,0.52
2026-10-02 20:40:30,Good Morning,0.53
2026-10-02 20:40:31,Understood,0.51
2026-10-02 20:40:33,What,0.54
2026-10-02 20:40:35,Understood,0.33
2026-10-02 20:40:37,Understood,0.87
2026-10-02 20:40:39,Previous,0.30
2026-10-02 20:40:39,Bad,0.28
2026-10-02 20:40:41,Bad,0.55
2026-10-02 20:40:45,What,0.36
2026-10-02 20:40:45,Understood,0.43
2026-10-02 20:40:45,What,0.44
2026-10-02 20:40:47,What,0.25
2026-10-02 20:40:48,Again,0.50
2026-10-02 20:40:49,Good Morning,0.56
2026-10-02 20:40:49,Again,0.60
2026-10-02 20:40:49,Understood,0.29
2026-10-02 20:40:49,Again,0.64
2026-10-02 20:40:50,Understood,0.45
2026-10-02 20:40:51,What,0.31
2026-10-02 20:40:53,What,0.79
2026-10-02 20:40:56,Again,0.27
2026-10-02 20:40:57,Understood,0.44
2026-10-02 20:40:59,What,0.28
2026-10-02 20:41:01,What,0.26
2026-10-02 20:41:03,What,0.31
2026-10-02 20:41:05,Understood,0.29
2026-10-02 20:41:05,What,0.25
2026-10-02 20:41:06,Understood,0.27
2026-10-02 20:41:06,What,0.26
2026-10-02 20:41:07,Understood,0.44
2026-10-02 20:41:07,What,0.31
2026-10-02 20:41:09,Understood,0.41
2026-10-02 20:41:09,What,0.39
2026-10-02 20:41:10,Understood,0.35
2026-10-02 20:41:11,What,0.60
2026-10-02 20:41:24,What,0.66
2026-10-02 20:41:24,wait,0.45
2026-10-02 20:41:26,wait,0.84
2026-10-02 20:41:29,Understood,0.27
2026-10-02 20:41:40,What,0.29
2026-10-02 20:41:40,Understood,0.47
2026-10-02 20:41:40,What,0.47
2026-10-02 20:41:40,Understood,0.47
2026-10-02 20:41:41,What,0.51
2026-10-02 20:41:44,Understood,0.41
2026-10-02 20:41:45,What,0.35
2026-10-02 20:41:50,What,0.26
2026-10-02 20:41:52,Previous,0.57
2026-10-02 20:41:52,Again,0.38
2026-10-02 20:42:05,Next,0.42
2026-10-02 20:42:08,Again,0.32
2026-10-02 20:42:08,Understood,0.30
2026-10-02 20:42:09,OK,0.37
2026-10-02 20:42:10,Understood,0.29
2026-10-02 20:42:10,Again,0.28
2026-10-02 20:42:11,OK,0.43
2026-10-02 20:42:11,Again,0.34
2026-10-02 20:42:12,OK,0.38
2026-10-02 20:42:14,OK,0.31
2026-10-02 20:42:14,Understood,0.47
2026-10-02 20:42:16,What,0.31
2026-10-02 20:42:17,OK,0.37
2026-10-02 20:42:17,Understood,0.42
2026-10-02 20:42:19,OK,0.25
2026-10-02 20:42:21,OK,0.39
2026-10-02 20:42:22,Good Morning,0.30
2026-10-02 20:42:23,OK,0.29
2026-10-02 20:42:23,Previous,0.32
2026-10-02 20:42:27,Good Morning,0.40
2026-10-02 20:42:28,OK,0.51
2026-10-02 20:42:30,OK,0.73
2026-10-02 20:42:31,Again,0.35
2026-10-02 20:42:34,Again,0.34
2026-10-02 20:42:37,OK,0.44
2026-10-02 20:42:39,OK,0.72
2026-10-02 20:42:41,What,0.47
2026-10-02 20:42:42,Understood,0.35
2026-10-02 20:42:44,Understood,0.84
2026-10-02 20:42:50,OK,0.29
2026-10-02 20:42:57,Understood,0.33
2026-10-02 20:42:57,OK,0.44
2026-10-02 20:42:57,Understood,0.31
2026-10-02 20:42:59,OK,0.37
2026-10-02 20:43:01,OK,0.43
2026-10-02 20:43:02,Again,0.26
2026-10-02 20:43:02,Understood,0.32
2026-10-02 20:43:03,Again,0.31
2026-10-02 20:43:05,OK,0.45
2026-10-02 20:43:06,Understood,0.61
2026-10-02 20:43:06,OK,0.60
2026-10-02 20:43:06,Understood,0.68
2026-10-02 20:43:07,Again,0.26
2026-10-02 20:43:08,Understood,0.31
2026-10-02 20:43:08,Previous,0.28
2026-10-02 20:43:08,Again,0.34
2026-10-02 20:43:08,Understood,0.49
2026-10-02 20:43:08,Again,0.26
2026-10-02 20:43:09,Previous,0.25
2026-10-02 20:43:10,Understood,0.26
2026-10-02 20:43:11,Previous,0.50
2026-10-02 20:43:11,Again,0.27
2026-10-02 20:43:25,OK,0.39
2026-10-02 20:43:34,Again,0.37
2026-10-02 20:43:35,Understood,0.27
2026-10-02 20:43:35,Again,0.27
2026-10-02 20:43:36,Understood,0.47
2026-10-02 20:43:36,Again,0.51
2026-10-02 20:43:36,Understood,0.42
2026-10-02 20:43:38,Understood,0.51
2026-10-02 20:43:38,Again,0.30
2026-10-02 20:43:38,Understood,0.58
2026-10-02 20:43:39,Again,0.50
2026-10-02 20:43:39,Understood,0.41
2026-10-02 20:43:40,Again,0.30
2026-10-02 20:43:42,Understood,0.52
2026-10-02 20:44:18,Understood,0.29
2026-10-02 20:44:18,Again,0.39
2026-10-02 20:44:20,Again,0.66
2026-10-02 20:44:22,Good Morning,0.40
2026-10-02 20:44:22,Again,0.30
2026-10-02 20:44:22,Good Morning,0.47
2026-10-02 20:44:22,Again,0.38
2026-10-02 20:44:23,Good Morning,0.48
2026-10-02 20:44:23,Again,0.35
2026-10-02 20:44:23,Good Morning,0.51
2026-10-02 20:44:25,Again,0.33
2026-10-02 20:44:25,Good Morning,0.27
2026-10-02 20:44:26,Next,0.50
2026-10-02 20:44:26,Good Morning,0.30
2026-10-02 20:44:26,Next,0.41
2026-10-02 20:44:26,Good Morning,0.65
2026-10-02 20:44:27,Understood,0.27
2026-10-02 20:44:28,Good Morning,0.29
2026-10-02 20:44:28,OK,0.69
2026-10-02 20:44:29,Again,0.28
2026-10-02 20:44:29,OK,0.54
2026-10-02 20:44:31,Good Morning,0.33
2026-10-02 20:44:31,OK,0.42
2026-10-02 20:44:33,Good Morning,0.41
2026-10-02 20:44:33,OK,0.33
2026-10-02 20:44:35,What,0.25
2026-10-02 20:44:38,What,0.30
2026-10-02 20:44:41,What,0.52
2026-10-02 20:44:42,OK,0.26
2026-10-02 20:44:42,What,0.29
2026-10-02 20:44:43,Good Morning,0.56
2026-10-02 20:44:45,Good Morning,0.56
2026-10-02 20:44:45,Previous,0.55
2026-10-02 20:44:46,What,0.26
2026-10-02 20:44:46,Understood,0.31
2026-10-02 20:44:46,wait,0.43
2026-10-02 20:44:55,Understood,0.46
2026-10-02 20:45:00,Understood,0.40
2026-10-02 20:45:03,Good,0.41
2026-10-02 20:45:03,Understood,0.32
2026-10-02 20:45:03,Again,0.28
2026-10-02 20:45:04,Understood,0.40
2026-10-02 20:45:05,Again,0.51
2026-10-02 20:45:07,Again,0.27
2026-10-02 20:45:08,Understood,0.28
2026-10-02 20:45:08,Again,0.32
2026-10-02 20:45:12,Again,0.32
2026-10-02 20:45:14,What,0.33
2026-10-02 20:45:14,Understood,0.30
2026-10-02 20:45:16,Again,0.29
2026-10-02 20:45:21,Understood,0.28
2026-10-02 20:45:23,Understood,0.79
2026-10-02 20:45:24,Good Morning,0.51
2026-10-02 20:45:25,Understood,0.63
2026-10-02 20:45:26,Again,0.49
2026-10-02 20:45:27,What,0.51
2026-10-02 20:45:27,Again,0.36
2026-10-02 20:45:27,What,0.35
2026-10-02 20:45:27,Again,0.39
2026-10-02 20:45:28,Understood,0.52
2026-10-02 20:45:28,What,0.42
2026-10-02 20:45:28,Understood,0.37
2026-10-02 20:45:29,Again,0.34
2026-10-02 20:45:30,Understood,0.26
2026-10-02 20:45:30,What,0.44
2026-10-02 20:45:31,Good Morning,0.35
2026-10-02 20:45:31,Again,0.26
2026-10-02 20:45:32,Understood,0.55
2026-10-02 20:45:33,Good Morning,0.30
2026-10-02 20:45:34,Again,0.29
2026-10-02 20:45:34,Understood,0.65
2026-10-02 20:45:36,Again,0.53
2026-10-02 20:45:36,Previous,0.59
2026-10-02 20:45:36,Again,0.79
2026-10-02 20:45:36,Understood,0.90
2026-10-02 20:45:37,What,0.36
2026-10-02 20:45:38,OK,0.36
2026-10-02 20:45:40,OK,0.30
2026-10-02 20:45:42,Again,0.43
2026-10-02 20:45:44,Again,0.33
2026-10-02 20:45:46,Good Morning,0.28
2026-10-02 20:45:46,Next,0.28
2026-10-02 20:45:46,Again,0.31
2026-10-02 20:45:48,Good Morning,0.48
2026-10-02 20:45:48,Again,0.41
2026-10-02 20:45:48,Good Morning,0.28
2026-10-02 20:45:49,Again,0.66
2026-10-02 20:45:49,Good Morning,0.60
2026-10-02 20:45:49,Again,0.44
2026-10-02 20:45:49,Continue,0.45
2026-10-02 20:45:49,Again,0.39
2026-10-02 20:45:50,Continue,0.27
2026-10-02 20:45:51,Again,0.66
2026-10-02 20:45:52,Continue,0.29
2026-10-02 20:45:52,Again,0.45
2026-10-02 20:45:53,Understood,0.30
2026-10-02 20:45:55,What,0.30
2026-10-02 20:46:02,Again,0.28
2026-10-02 20:46:03,Good Morning,0.29
2026-10-02 20:46:05,Again,0.25
2026-10-02 20:46:05,Good Morning,0.58
2026-10-02 20:46:05,Again,0.37
2026-10-02 20:46:07,Good Morning,0.32
2026-10-02 20:46:07,Again,0.33
2026-10-02 20:46:08,Next,0.31
2026-10-02 20:46:08,Again,0.46
2026-10-02 20:46:09,Good Morning,0.27
2026-10-02 20:46:09,Again,0.44
2026-10-02 20:46:09,Good Morning,0.57
2026-10-02 20:46:09,Again,0.40
2026-10-02 20:46:09,Continue,0.37
2026-10-02 20:46:12,Continue,0.51
2026-10-02 20:46:14,Continue,0.31
2026-10-02 20:46:15,Good Morning,0.27
2026-10-02 20:46:15,Again,0.67
2026-10-02 20:46:15,Good Morning,0.39
2026-10-02 20:46:15,Again,0.30
2026-10-02 20:46:15,Good Morning,0.28
2026-10-02 20:46:16,Continue,0.26
2026-10-02 20:46:18,Again,0.29
2026-10-02 20:46:20,Continue,0.28
2026-10-02 20:46:22,Continue,0.41
2026-10-02 20:46:23,Again,0.33
2026-10-02 20:46:23,Continue,0.28
2026-10-02 20:46:26,Continue,0.29
2026-10-02 20:46:27,Understood,0.49
2026-10-02 20:46:27,Good Morning,0.45
